[{"model": "admin.logentry", "pk": 1, "fields": {"action_time": "2025-10-21T12:17:31.738Z", "user": 4, "content_type": 12, "object_id": "1", "object_repr": "ali_ahmadi - 2025-10-22 -> قیمه", "action_flag": 1, "change_message": "[{\"added\": {}}]"}}, {"model": "admin.logentry", "pk": 2, "fields": {"action_time": "2025-10-21T12:25:26.235Z", "user": 4, "content_type": 12, "object_id": "1", "object_repr": "ali_ahmadi - 2025-10-22 → قرمه سبزی", "action_flag": 2, "change_message": "[{\"changed\": {\"fields\": [\"Selected Food\"]}}]"}}, {"model": "admin.logentry", "pk": 3, "fields": {"action_time": "2025-10-21T13:15:30.419Z", "user": 4, "content_type": 10, "object_id": "11", "object_repr": "زرشک پلو با مرغ", "action_flag": 1, "change_message": "[{\"added\": {}}]"}}, {"model": "admin.logentry", "pk": 4, "fields": {"action_time": "2025-10-21T14:35:09.545Z", "user": 4, "content_type": 11, "object_id": "1", "object_repr": "منوی روز 2025-10-21", "action_flag": 2, "change_message": "[{\"changed\": {\"fields\": [\"\\u063a\\u0630\\u0627\\u0647\\u0627\\u06cc \\u0627\\u06cc\\u0646 \\u0631\\u0648\\u0632\"]}}]"}}, {"model": "admin.logentry", "pk": 5, "fields": {"action_time": "2025-10-21T14:38:11.027Z", "user": 4, "content_type": 10, "object_id": "11", "object_repr": "زرشک پلو با مرغ", "action_flag": 2, "change_message": "[{\"changed\": {\"fields\": [\"\\u062a\\u0648\\u0636\\u06cc\\u062d\\u0627\\u062a \\u063a\\u0630\\u0627\"]}}]"}}, {"model": "admin.logentry", "pk": 6, "fields": {"action_time": "2025-10-21T14:40:34.695Z", "user": 4, "content_type": 10, "object_id": "11", "object_repr": "زرشک پلو با مرغ", "action_flag": 2, "change_message": "[{\"changed\": {\"fields\": [\"\\u0639\\u06a9\\u0633 \\u063a\\u0630\\u0627\"]}}]"}}, {"model": "admin.logentry", "pk": 7, "fields": {"action_time": "2025-10-21T14:45:21.273Z", "user": 4, "content_type": 12, "object_id": "2", "object_repr": "ali_ahmadi - 2025-10-25 → عدس پلو", "action_flag": 1, "change_message": "[{\"added\": {}}]"}}, {"model": "admin.logentry", "pk": 8, "fields": {"action_time": "2025-10-29T06:50:38.973Z", "user": 4, "content_type": 11, "object_id": "6", "object_repr": "منوی روز 2025-10-29", "action_flag": 1, "change_message": "[{\"added\": {}}]"}}, {"model": "admin.logentry", "pk": 9, "fields": {"action_time": "2025-10-29T06:51:40.583Z", "user": 4, "content_type": 11, "object_id": "6", "object_repr": "منوی روز 2025-10-30", "action_flag": 2, "change_message": "[{\"changed\": {\"fields\": [\"\\u062a\\u0627\\u0631\\u06cc\\u062e\", \"\\u063a\\u0630\\u0627\\u0647\\u0627\\u06cc \\u0627\\u06cc\\u0646 \\u0631\\u0648\\u0632\"]}}]"}}, {"model": "admin.logentry", "pk": 10, "fields": {"action_time": "2025-10-29T13:23:32.046Z", "user": 4, "content_type": 11, "object_id": "6", "object_repr": "منوی روز 2025-10-30", "action_flag": 2, "change_message": "[{\"changed\": {\"fields\": [\"\\u063a\\u0630\\u0627\\u0647\\u0627\\u06cc \\u0627\\u06cc\\u0646 \\u0631\\u0648\\u0632\"]}}]"}}, {"model": "admin.logentry", "pk": 11, "fields": {"action_time": "2025-10-29T13:41:22.425Z", "user": 4, "content_type": 11, "object_id": "6", "object_repr": "منوی روز 2025-10-30", "action_flag": 2, "change_message": "[{\"changed\": {\"fields\": [\"\\u063a\\u0630\\u0627\\u0647\\u0627\\u06cc \\u0627\\u06cc\\u0646 \\u0631\\u0648\\u0632\"]}}]"}}, {"model": "admin.logentry", "pk": 12, "fields": {"action_time": "2025-10-29T13:43:24.200Z", "user": 4, "content_type": 11, "object_id": "7", "object_repr": "منوی روز 2025-10-28", "action_flag": 1, "change_message": "[{\"added\": {}}]"}}, {"model": "admin.logentry", "pk": 13, "fields": {"action_time": "2025-10-29T13:45:04.736Z", "user": 4, "content_type": 11, "object_id": "7", "object_repr": "منوی روز 2025-10-28", "action_flag": 2, "change_message": "[{\"changed\": {\"fields\": [\"\\u063a\\u0630\\u0627\\u0647\\u0627\\u06cc \\u0627\\u06cc\\u0646 \\u0631\\u0648\\u0632\"]}}]"}}, {"model": "admin.logentry", "pk": 14, "fields": {"action_time": "2025-10-29T13:46:35.162Z", "user": 4, "content_type": 10, "object_id": "11", "object_repr": "زرشک پلو با مرغ", "action_flag": 2, "change_message": "[{\"changed\": {\"fields\": [\"\\u0639\\u06a9\\u0633 \\u063a\\u0630\\u0627\"]}}]"}}, {"model": "admin.logentry", "pk": 15, "fields": {"action_time": "2025-10-29T13:55:08.834Z", "user": 4, "content_type": 10, "object_id": "11", "object_repr": "زرشک پلو با مرغ", "action_flag": 2, "change_message": "[{\"changed\": {\"fields\": [\"\\u0639\\u06a9\\u0633 \\u063a\\u0630\\u0627\"]}}]"}}, {"model": "admin.logentry", "pk": 16, "fields": {"action_time": "2025-10-29T15:26:27.857Z", "user": 4, "content_type": 10, "object_id": "12", "object_repr": "بندری", "action_flag": 1, "change_message": "[{\"added\": {}}]"}}, {"model": "admin.logentry", "pk": 17, "fields": {"action_time": "2025-10-29T15:27:03.676Z", "user": 4, "content_type": 11, "object_id": "8", "object_repr": "منوی روز 2025-11-01", "action_flag": 1, "change_message": "[{\"added\": {}}]"}}, {"model": "admin.logentry", "pk": 18, "fields": {"action_time": "2025-10-30T06:07:28.234Z", "user": 4, "content_type": 10, "object_id": "11", "object_repr": "زرشک پلو با مرغ", "action_flag": 2, "change_message": "[]"}}, {"model": "admin.logentry", "pk": 19, "fields": {"action_time": "2025-10-30T06:11:24.240Z", "user": 4, "content_type": 11, "object_id": "8", "object_repr": "منوی روز 2025-11-01", "action_flag": 2, "change_message": "[{\"changed\": {\"fields\": [\"\\u063a\\u0630\\u0627\\u0647\\u0627\\u06cc \\u0627\\u06cc\\u0646 \\u0631\\u0648\\u0632\"]}}]"}}, {"model": "admin.logentry", "pk": 20, "fields": {"action_time": "2025-10-30T06:12:51.656Z", "user": 4, "content_type": 10, "object_id": "7", "object_repr": "جوجه کباب", "action_flag": 2, "change_message": "[{\"changed\": {\"fields\": [\"\\u0639\\u06a9\\u0633 \\u063a\\u0630\\u0627\"]}}]"}}, {"model": "admin.logentry", "pk": 21, "fields": {"action_time": "2025-10-30T06:13:49.613Z", "user": 4, "content_type": 10, "object_id": "8", "object_repr": "قیمه", "action_flag": 2, "change_message": "[{\"changed\": {\"fields\": [\"\\u0639\\u06a9\\u0633 \\u063a\\u0630\\u0627\"]}}]"}}, {"model": "admin.logentry", "pk": 22, "fields": {"action_time": "2025-10-30T06:15:05.254Z", "user": 4, "content_type": 10, "object_id": "7", "object_repr": "جوجه کباب", "action_flag": 2, "change_message": "[{\"changed\": {\"fields\": [\"\\u0639\\u06a9\\u0633 \\u063a\\u0630\\u0627\"]}}]"}}, {"model": "admin.logentry", "pk": 23, "fields": {"action_time": "2025-10-31T07:59:32.486Z", "user": 4, "content_type": 11, "object_id": "9", "object_repr": "منوی روز 2025-11-02", "action_flag": 1, "change_message": "[{\"added\": {}}]"}}, {"model": "admin.logentry", "pk": 24, "fields": {"action_time": "2025-11-01T17:59:24.766Z", "user": 4, "content_type": 11, "object_id": "10", "object_repr": "منوی روز 2025-11-03", "action_flag": 1, "change_message": "[{\"added\": {}}]"}}, {"model": "admin.logentry", "pk": 25, "fields": {"action_time": "2025-11-10T07:26:23.864Z", "user": 25, "content_type": 11, "object_id": "11", "object_repr": "منوی روز 2025-11-10", "action_flag": 1, "change_message": "[{\"added\": {}}]"}}, {"model": "admin.logentry", "pk": 26, "fields": {"action_time": "2025-11-10T08:08:47.067Z", "user": 25, "content_type": 10, "object_id": "11", "object_repr": "زرشک پلو با مرغ", "action_flag": 2, "change_message": "[{\"changed\": {\"fields\": [\"\\u062a\\u0648\\u0636\\u06cc\\u062d\\u0627\\u062a \\u063a\\u0630\\u0627\", \"\\u0639\\u06a9\\u0633 \\u063a\\u0630\\u0627\"]}}]"}}, {"model": "admin.logentry", "pk": 27, "fields": {"action_time": "2025-11-10T10:08:00.837Z", "user": 25, "content_type": 10, "object_id": "8", "object_repr": "قیمه", "action_flag": 2, "change_message": "[{\"changed\": {\"fields\": [\"\\u0639\\u06a9\\u0633 \\u063a\\u0630\\u0627\"]}}]"}}, {"model": "admin.logentry", "pk": 28, "fields": {"action_time": "2025-11-10T11:48:54.605Z", "user": 25, "content_type": 10, "object_id": "8", "object_repr": "قیمه", "action_flag": 2, "change_message": "[{\"changed\": {\"fields\": [\"\\u0639\\u06a9\\u0633 \\u063a\\u0630\\u0627\"]}}]"}}, {"model": "admin.logentry", "pk": 29, "fields": {"action_time": "2025-11-10T11:50:02.815Z", "user": 25, "content_type": 11, "object_id": "12", "object_repr": "منوی روز 2025-11-11", "action_flag": 1, "change_message": "[{\"added\": {}}]"}}, {"model": "admin.logentry", "pk": 30, "fields": {"action_time": "2025-11-10T14:06:38.341Z", "user": 25, "content_type": 10, "object_id": "8", "object_repr": "قیمه", "action_flag": 2, "change_message": "[{\"changed\": {\"fields\": [\"\\u0639\\u06a9\\u0633 \\u063a\\u0630\\u0627\"]}}]"}}, {"model": "admin.logentry", "pk": 31, "fields": {"action_time": "2025-11-10T14:06:46.377Z", "user": 25, "content_type": 10, "object_id": "8", "object_repr": "قیمه", "action_flag": 2, "change_message": "[{\"changed\": {\"fields\": [\"\\u0639\\u06a9\\u0633 \\u063a\\u0630\\u0627\"]}}]"}}, {"model": "admin.logentry", "pk": 32, "fields": {"action_time": "2025-11-10T14:23:15.509Z", "user": 25, "content_type": 10, "object_id": "8", "object_repr": "قیمه", "action_flag": 2, "change_message": "[{\"changed\": {\"fields\": [\"\\u0639\\u06a9\\u0633 \\u063a\\u0630\\u0627\"]}}]"}}, {"model": "admin.logentry", "pk": 33, "fields": {"action_time": "2025-11-10T14:24:20.362Z", "user": 25, "content_type": 12, "object_id": "28", "object_repr": "سمانه_حجار - 2025-11-11 → قرمه سبزی", "action_flag": 3, "change_message": ""}}, {"model": "admin.logentry", "pk": 34, "fields": {"action_time": "2025-11-10T14:24:20.362Z", "user": 25, "content_type": 12, "object_id": "25", "object_repr": "سمانه_حجار - 2025-11-10 → زرشک پلو با مرغ", "action_flag": 3, "change_message": ""}}, {"model": "admin.logentry", "pk": 35, "fields": {"action_time": "2025-11-10T14:24:20.362Z", "user": 25, "content_type": 12, "object_id": "24", "object_repr": "مژگان_رضوی - 2025-11-10 → زرشک پلو با مرغ", "action_flag": 3, "change_message": ""}}, {"model": "admin.logentry", "pk": 36, "fields": {"action_time": "2025-11-10T14:24:20.362Z", "user": 25, "content_type": 12, "object_id": "23", "object_repr": "مژگان_رضوی - 2025-10-25 → قیمه", "action_flag": 3, "change_message": ""}}, {"model": "admin.logentry", "pk": 37, "fields": {"action_time": "2025-11-10T14:24:26.201Z", "user": 25, "content_type": 12, "object_id": "22", "object_repr": "ع_س - 2025-11-02 → جوجه کباب", "action_flag": 3, "change_message": ""}}, {"model": "admin.logentry", "pk": 38, "fields": {"action_time": "2025-11-10T14:24:26.201Z", "user": 25, "content_type": 12, "object_id": "21", "object_repr": "ع_س - 2025-11-03 → زرشک پلو با مرغ", "action_flag": 3, "change_message": ""}}, {"model": "admin.logentry", "pk": 39, "fields": {"action_time": "2025-11-10T14:24:34.262Z", "user": 25, "content_type": 12, "object_id": "18", "object_repr": "علی_شعبانی - 2025-10-30 → جوجه کباب", "action_flag": 3, "change_message": ""}}, {"model": "admin.logentry", "pk": 40, "fields": {"action_time": "2025-11-10T15:14:41.217Z", "user": 25, "content_type": 11, "object_id": "13", "object_repr": "منوی روز 2025-11-12", "action_flag": 1, "change_message": "[{\"added\": {}}]"}}, {"model": "admin.logentry", "pk": 41, "fields": {"action_time": "2025-11-12T12:42:04.624Z", "user": 25, "content_type": 11, "object_id": "14", "object_repr": "منوی روز 2025-11-13", "action_flag": 1, "change_message": "[{\"added\": {}}]"}}, {"model": "admin.logentry", "pk": 42, "fields": {"action_time": "2025-11-12T12:43:25.974Z", "user": 25, "content_type": 11, "object_id": "15", "object_repr": "منوی روز 2025-11-14", "action_flag": 1, "change_message": "[{\"added\": {}}]"}}, {"model": "admin.logentry", "pk": 43, "fields": {"action_time": "2025-11-12T12:48:13.388Z", "user": 25, "content_type": 11, "object_id": "15", "object_repr": "منوی روز 2025-11-14", "action_flag": 2, "change_message": "[{\"changed\": {\"fields\": [\"\\u063a\\u0630\\u0627\\u0647\\u0627\\u06cc \\u0627\\u06cc\\u0646 \\u0631\\u0648\\u0632\"]}}]"}}, {"model": "admin.logentry", "pk": 44, "fields": {"action_time": "2025-11-13T09:36:36.405Z", "user": 25, "content_type": 11, "object_id": "16", "object_repr": "منوی روز 2025-11-15", "action_flag": 1, "change_message": "[{\"added\": {}}]"}}, {"model": "admin.logentry", "pk": 45, "fields": {"action_time": "2025-11-16T19:55:57.423Z", "user": 25, "content_type": 11, "object_id": "17", "object_repr": "منوی روز 2025-11-16", "action_flag": 1, "change_message": "[{\"added\": {}}]"}}, {"model": "admin.logentry", "pk": 46, "fields": {"action_time": "2025-11-17T09:36:36.160Z", "user": 25, "content_type": 13, "object_id": "3", "object_repr": "ali_ahmadi → جوجه کباب (5⭐)", "action_flag": 1, "change_message": "[{\"added\": {}}]"}}, {"model": "admin.logentry", "pk": 47, "fields": {"action_time": "2025-11-17T09:37:11.656Z", "user": 25, "content_type": 13, "object_id": "3", "object_repr": "زهرا_تبریزی → جوجه کباب (5⭐)", "action_flag": 2, "change_message": "[{\"changed\": {\"fields\": [\"User\"]}}]"}}, {"model": "admin.logentry", "pk": 48, "fields": {"action_time": "2025-11-18T12:37:34.768Z", "user": 32, "content_type": 10, "object_id": "6", "object_repr": "قرمه سبزی", "action_flag": 2, "change_message": "[{\"changed\": {\"fields\": [\"\\u062a\\u0648\\u0636\\u06cc\\u062d\\u0627\\u062a \\u063a\\u0630\\u0627\", \"\\u0639\\u06a9\\u0633 \\u063a\\u0630\\u0627\"]}}]"}}, {"model": "admin.logentry", "pk": 49, "fields": {"action_time": "2025-11-18T12:37:59.731Z", "user": 32, "content_type": 11, "object_id": "18", "object_repr": "منوی روز 2025-11-20", "action_flag": 1, "change_message": "[{\"added\": {}}]"}}, {"model": "admin.logentry", "pk": 50, "fields": {"action_time": "2025-11-18T12:39:23.523Z", "user": 32, "content_type": 10, "object_id": "6", "object_repr": "قرمه سبزی", "action_flag": 2, "change_message": "[]"}}, {"model": "admin.logentry", "pk": 51, "fields": {"action_time": "2025-11-18T12:55:07.223Z", "user": 32, "content_type": 10, "object_id": "6", "object_repr": "قرمه سبزی", "action_flag": 2, "change_message": "[{\"changed\": {\"fields\": [\"\\u0639\\u06a9\\u0633 \\u063a\\u0630\\u0627\"]}}]"}}, {"model": "admin.logentry", "pk": 52, "fields": {"action_time": "2025-11-18T12:56:02.893Z", "user": 32, "content_type": 10, "object_id": "6", "object_repr": "قرمه سبزی", "action_flag": 2, "change_message": "[{\"changed\": {\"fields\": [\"\\u0639\\u06a9\\u0633 \\u063a\\u0630\\u0627\"]}}]"}}, {"model": "admin.logentry", "pk": 53, "fields": {"action_time": "2025-11-18T13:11:24.185Z", "user": 32, "content_type": 12, "object_id": "14", "object_repr": "اکبر_اکبری - 2025-11-02 → جوجه کباب", "action_flag": 3, "change_message": ""}}, {"model": "admin.logentry", "pk": 54, "fields": {"action_time": "2025-11-18T13:11:24.185Z", "user": 32, "content_type": 12, "object_id": "13", "object_repr": "اکبر_اکبری - 2025-11-01 → بندری", "action_flag": 3, "change_message": ""}}, {"model": "admin.logentry", "pk": 55, "fields": {"action_time": "2025-11-18T13:12:48.646Z", "user": 32, "content_type": 12, "object_id": "54", "object_repr": "سمانه_حجار - 2025-11-15 → قرمه سبزی", "action_flag": 3, "change_message": ""}}, {"model": "admin.logentry", "pk": 56, "fields": {"action_time": "2025-11-18T15:28:44.162Z", "user": 32, "content_type": 11, "object_id": "19", "object_repr": "منوی روز 2025-11-21", "action_flag": 1, "change_message": "[{\"added\": {}}]"}}, {"model": "admin.logentry", "pk": 57, "fields": {"action_time": "2025-11-18T15:30:54.718Z", "user": 32, "content_type": 11, "object_id": "20", "object_repr": "منوی روز 2025-11-26", "action_flag": 1, "change_message": "[{\"added\": {}}]"}}, {"model": "admin.logentry", "pk": 58, "fields": {"action_time": "2025-11-21T11:24:00.078Z", "user": 32, "content_type": 11, "object_id": "21", "object_repr": "منوی روز 2025-11-23", "action_flag": 1, "change_message": "[{\"added\": {}}]"}}, {"model": "admin.logentry", "pk": 59, "fields": {"action_time": "2025-11-21T11:24:03.838Z", "user": 32, "content_type": 12, "object_id": "65", "object_repr": "علی_کاشانی - 2025-11-23 → قرمه سبزی", "action_flag": 1, "change_message": "[{\"added\": {}}]"}}, {"model": "admin.logentry", "pk": 60, "fields": {"action_time": "2025-11-25T12:01:59.564Z", "user": 32, "content_type": 11, "object_id": "22", "object_repr": "منوی روز 2025-11-27", "action_flag": 1, "change_message": "[{\"added\": {}}]"}}, {"model": "admin.logentry", "pk": 61, "fields": {"action_time": "2025-11-25T12:02:13.478Z", "user": 32, "content_type": 11, "object_id": "23", "object_repr": "منوی روز 2025-11-29", "action_flag": 1, "change_message": "[{\"added\": {}}]"}}, {"model": "admin.logentry", "pk": 62, "fields": {"action_time": "2025-11-25T12:40:12.441Z", "user": 32, "content_type": 11, "object_id": "23", "object_repr": "منوی روز 2025-11-29", "action_flag": 3, "change_message": ""}}, {"model": "admin.logentry", "pk": 63, "fields": {"action_time": "2025-11-25T12:40:12.441Z", "user": 32, "content_type": 11, "object_id": "22", "object_repr": "منوی روز 2025-11-27", "action_flag": 3, "change_message": ""}}, {"model": "admin.logentry", "pk": 64, "fields": {"action_time": "2025-11-25T12:40:12.441Z", "user": 32, "content_type": 11, "object_id": "20", "object_repr": "منوی روز 2025-11-26", "action_flag": 3, "change_message": ""}}, {"model": "admin.logentry", "pk": 65, "fields": {"action_time": "2025-11-25T12:40:12.441Z", "user": 32, "content_type": 11, "object_id": "21", "object_repr": "منوی روز 2025-11-23", "action_flag": 3, "change_message": ""}}, {"model": "admin.logentry", "pk": 66, "fields": {"action_time": "2025-11-25T12:40:12.441Z", "user": 32, "content_type": 11, "object_id": "19", "object_repr": "منوی روز 2025-11-21", "action_flag": 3, "change_message": ""}}, {"model": "admin.logentry", "pk": 67, "fields": {"action_time": "2025-11-25T12:40:12.441Z", "user": 32, "content_type": 11, "object_id": "18", "object_repr": "منوی روز 2025-11-20", "action_flag": 3, "change_message": ""}}, {"model": "admin.logentry", "pk": 68, "fields": {"action_time": "2025-11-25T12:40:12.441Z", "user": 32, "content_type": 11, "object_id": "17", "object_repr": "منوی روز 2025-11-16", "action_flag": 3, "change_message": ""}}, {"model": "admin.logentry", "pk": 69, "fields": {"action_time": "2025-11-25T12:40:12.441Z", "user": 32, "content_type": 11, "object_id": "16", "object_repr": "منوی روز 2025-11-15", "action_flag": 3, "change_message": ""}}, {"model": "admin.logentry", "pk": 70, "fields": {"action_time": "2025-11-25T12:40:12.442Z", "user": 32, "content_type": 11, "object_id": "15", "object_repr": "منوی روز 2025-11-14", "action_flag": 3, "change_message": ""}}, {"model": "admin.logentry", "pk": 71, "fields": {"action_time": "2025-11-25T12:40:12.442Z", "user": 32, "content_type": 11, "object_id": "14", "object_repr": "منوی روز 2025-11-13", "action_flag": 3, "change_message": ""}}, {"model": "admin.logentry", "pk": 72, "fields": {"action_time": "2025-11-25T12:40:12.442Z", "user": 32, "content_type": 11, "object_id": "13", "object_repr": "منوی روز 2025-11-12", "action_flag": 3, "change_message": ""}}, {"model": "admin.logentry", "pk": 73, "fields": {"action_time": "2025-11-25T12:40:12.442Z", "user": 32, "content_type": 11, "object_id": "12", "object_repr": "منوی روز 2025-11-11", "action_flag": 3, "change_message": ""}}, {"model": "admin.logentry", "pk": 74, "fields": {"action_time": "2025-11-25T12:40:12.442Z", "user": 32, "content_type": 11, "object_id": "11", "object_repr": "منوی روز 2025-11-10", "action_flag": 3, "change_message": ""}}, {"model": "admin.logentry", "pk": 75, "fields": {"action_time": "2025-11-25T12:40:12.442Z", "user": 32, "content_type": 11, "object_id": "10", "object_repr": "منوی روز 2025-11-03", "action_flag": 3, "change_message": ""}}, {"model": "admin.logentry", "pk": 76, "fields": {"action_time": "2025-11-25T12:40:12.442Z", "user": 32, "content_type": 11, "object_id": "9", "object_repr": "منوی روز 2025-11-02", "action_flag": 3, "change_message": ""}}, {"model": "admin.logentry", "pk": 77, "fields": {"action_time": "2025-11-25T12:40:12.442Z", "user": 32, "content_type": 11, "object_id": "8", "object_repr": "منوی روز 2025-11-01", "action_flag": 3, "change_message": ""}}, {"model": "admin.logentry", "pk": 78, "fields": {"action_time": "2025-11-25T12:40:12.442Z", "user": 32, "content_type": 11, "object_id": "6", "object_repr": "منوی روز 2025-10-30", "action_flag": 3, "change_message": ""}}, {"model": "admin.logentry", "pk": 79, "fields": {"action_time": "2025-11-25T12:40:12.442Z", "user": 32, "content_type": 11, "object_id": "7", "object_repr": "منوی روز 2025-10-28", "action_flag": 3, "change_message": ""}}, {"model": "admin.logentry", "pk": 80, "fields": {"action_time": "2025-11-25T12:40:12.442Z", "user": 32, "content_type": 11, "object_id": "5", "object_repr": "منوی روز 2025-10-25", "action_flag": 3, "change_message": ""}}, {"model": "admin.logentry", "pk": 81, "fields": {"action_time": "2025-11-25T12:40:12.442Z", "user": 32, "content_type": 11, "object_id": "4", "object_repr": "منوی روز 2025-10-24", "action_flag": 3, "change_message": ""}}, {"model": "admin.logentry", "pk": 82, "fields": {"action_time": "2025-11-25T12:40:12.442Z", "user": 32, "content_type": 11, "object_id": "3", "object_repr": "منوی روز 2025-10-23", "action_flag": 3, "change_message": ""}}, {"model": "admin.logentry", "pk": 83, "fields": {"action_time": "2025-11-25T12:40:12.443Z", "user": 32, "content_type": 11, "object_id": "2", "object_repr": "منوی روز 2025-10-22", "action_flag": 3, "change_message": ""}}, {"model": "admin.logentry", "pk": 84, "fields": {"action_time": "2025-11-25T12:40:12.443Z", "user": 32, "content_type": 11, "object_id": "1", "object_repr": "منوی روز 2025-10-21", "action_flag": 3, "change_message": ""}}, {"model": "admin.logentry", "pk": 85, "fields": {"action_time": "2025-11-25T12:51:55.128Z", "user": 32, "content_type": 10, "object_id": "13", "object_repr": "قیمه نثار", "action_flag": 1, "change_message": "[{\"added\": {}}]"}}, {"model": "admin.logentry", "pk": 86, "fields": {"action_time": "2025-11-25T12:53:36.546Z", "user": 32, "content_type": 10, "object_id": "14", "object_repr": "لوبیا پلو با گوشت", "action_flag": 1, "change_message": "[{\"added\": {}}]"}}, {"model": "admin.logentry", "pk": 87, "fields": {"action_time": "2025-11-25T12:56:52.340Z", "user": 32, "content_type": 10, "object_id": "15", "object_repr": "ساندویچ مرغ با سس گودا", "action_flag": 1, "change_message": "[{\"added\": {}}]"}}, {"model": "admin.logentry", "pk": 88, "fields": {"action_time": "2025-11-25T12:57:30.070Z", "user": 32, "content_type": 11, "object_id": "24", "object_repr": "منوی روز 2025-11-29", "action_flag": 1, "change_message": "[{\"added\": {}}]"}}, {"model": "admin.logentry", "pk": 89, "fields": {"action_time": "2025-11-25T13:01:46.698Z", "user": 32, "content_type": 10, "object_id": "16", "object_repr": "چلو خورشت بامیه", "action_flag": 1, "change_message": "[{\"added\": {}}]"}}, {"model": "admin.logentry", "pk": 90, "fields": {"action_time": "2025-11-25T13:04:20.605Z", "user": 32, "content_type": 10, "object_id": "17", "object_repr": "باقالی پلو با مرغ ربی", "action_flag": 1, "change_message": "[{\"added\": {}}]"}}, {"model": "admin.logentry", "pk": 91, "fields": {"action_time": "2025-11-25T13:08:50.098Z", "user": 32, "content_type": 10, "object_id": "18", "object_repr": "چیکن استراگانف", "action_flag": 1, "change_message": "[{\"added\": {}}]"}}, {"model": "admin.logentry", "pk": 92, "fields": {"action_time": "2025-11-25T13:09:19.494Z", "user": 32, "content_type": 11, "object_id": "25", "object_repr": "منوی روز 2025-11-30", "action_flag": 1, "change_message": "[{\"added\": {}}]"}}, {"model": "admin.logentry", "pk": 93, "fields": {"action_time": "2025-11-25T13:17:32.271Z", "user": 32, "content_type": 10, "object_id": "19", "object_repr": "چلو خورشت فسنجان با مرغ", "action_flag": 1, "change_message": "[{\"added\": {}}]"}}, {"model": "admin.logentry", "pk": 94, "fields": {"action_time": "2025-11-25T13:18:55.856Z", "user": 32, "content_type": 10, "object_id": "20", "object_repr": "ابگوشت", "action_flag": 1, "change_message": "[{\"added\": {}}]"}}, {"model": "admin.logentry", "pk": 95, "fields": {"action_time": "2025-11-25T13:20:21.066Z", "user": 32, "content_type": 10, "object_id": "21", "object_repr": "آلبالو پلو با مرغ زعفرانی", "action_flag": 1, "change_message": "[{\"added\": {}}]"}}, {"model": "admin.logentry", "pk": 96, "fields": {"action_time": "2025-11-25T13:20:46.047Z", "user": 32, "content_type": 11, "object_id": "26", "object_repr": "منوی روز 2025-12-01", "action_flag": 1, "change_message": "[{\"added\": {}}]"}}, {"model": "admin.logentry", "pk": 97, "fields": {"action_time": "2025-11-25T13:21:58.708Z", "user": 32, "content_type": 10, "object_id": "19", "object_repr": "چلو خورشت فسنجان با مرغ", "action_flag": 2, "change_message": "[{\"changed\": {\"fields\": [\"\\u0639\\u06a9\\u0633 \\u063a\\u0630\\u0627\"]}}]"}}, {"model": "admin.logentry", "pk": 98, "fields": {"action_time": "2025-11-25T13:25:12.177Z", "user": 32, "content_type": 10, "object_id": "22", "object_repr": "اکبرجوجه", "action_flag": 1, "change_message": "[{\"added\": {}}]"}}, {"model": "admin.logentry", "pk": 99, "fields": {"action_time": "2025-11-25T13:26:01.531Z", "user": 32, "content_type": 10, "object_id": "23", "object_repr": "چلو خورشت قیمه بادمجان", "action_flag": 1, "change_message": "[{\"added\": {}}]"}}, {"model": "admin.logentry", "pk": 100, "fields": {"action_time": "2025-11-25T13:28:26.241Z", "user": 32, "content_type": 10, "object_id": "24", "object_repr": "شنیسل مرغ", "action_flag": 1, "change_message": "[{\"added\": {}}]"}}, {"model": "admin.logentry", "pk": 101, "fields": {"action_time": "2025-11-25T13:29:05.680Z", "user": 32, "content_type": 11, "object_id": "27", "object_repr": "منوی روز 2025-12-02", "action_flag": 1, "change_message": "[{\"added\": {}}]"}}, {"model": "admin.logentry", "pk": 102, "fields": {"action_time": "2025-11-25T13:31:05.411Z", "user": 32, "content_type": 10, "object_id": "23", "object_repr": "چلو خورشت قیمه بادمجان", "action_flag": 2, "change_message": "[{\"changed\": {\"fields\": [\"\\u0639\\u06a9\\u0633 \\u063a\\u0630\\u0627\"]}}]"}}, {"model": "admin.logentry", "pk": 103, "fields": {"action_time": "2025-11-25T13:34:25.990Z", "user": 32, "content_type": 10, "object_id": "25", "object_repr": "چلو کباب لقمه", "action_flag": 1, "change_message": "[{\"added\": {}}]"}}, {"model": "admin.logentry", "pk": 104, "fields": {"action_time": "2025-11-25T13:35:38.954Z", "user": 32, "content_type": 10, "object_id": "26", "object_repr": "چلو خورشت مرغ ترش", "action_flag": 1, "change_message": "[{\"added\": {}}]"}}, {"model": "admin.logentry", "pk": 105, "fields": {"action_time": "2025-11-25T13:37:19.863Z", "user": 32, "content_type": 10, "object_id": "27", "object_repr": "میرزا قاسمی", "action_flag": 1, "change_message": "[{\"added\": {}}]"}}, {"model": "admin.logentry", "pk": 106, "fields": {"action_time": "2025-11-25T13:37:53.936Z", "user": 32, "content_type": 11, "object_id": "28", "object_repr": "منوی روز 2025-12-03", "action_flag": 1, "change_message": "[{\"added\": {}}]"}}, {"model": "admin.logentry", "pk": 107, "fields": {"action_time": "2025-11-25T13:42:24.885Z", "user": 32, "content_type": 10, "object_id": "28", "object_repr": "سبزی پلو با ماهی", "action_flag": 1, "change_message": "[{\"added\": {}}]"}}, {"model": "admin.logentry", "pk": 108, "fields": {"action_time": "2025-11-25T13:43:38.845Z", "user": 32, "content_type": 10, "object_id": "29", "object_repr": "چلو جوجه کباب زعفرانی", "action_flag": 1, "change_message": "[{\"added\": {}}]"}}, {"model": "admin.logentry", "pk": 109, "fields": {"action_time": "2025-11-25T13:44:32.539Z", "user": 32, "content_type": 11, "object_id": "29", "object_repr": "منوی روز 2025-12-06", "action_flag": 1, "change_message": "[{\"added\": {}}]"}}, {"model": "admin.logentry", "pk": 110, "fields": {"action_time": "2025-11-25T13:58:12.942Z", "user": 32, "content_type": 10, "object_id": "30", "object_repr": "استانبولی با گوشت", "action_flag": 1, "change_message": "[{\"added\": {}}]"}}, {"model": "admin.logentry", "pk": 111, "fields": {"action_time": "2025-11-25T14:04:49.279Z", "user": 32, "content_type": 10, "object_id": "31", "object_repr": "استیک مرغ با سس قارچ", "action_flag": 1, "change_message": "[{\"added\": {}}]"}}, {"model": "admin.logentry", "pk": 112, "fields": {"action_time": "2025-11-25T14:09:18.243Z", "user": 32, "content_type": 10, "object_id": "32", "object_repr": "چلو خورشت فسنجان با گوشت", "action_flag": 1, "change_message": "[{\"added\": {}}]"}}, {"model": "admin.logentry", "pk": 113, "fields": {"action_time": "2025-11-25T14:10:16.135Z", "user": 32, "content_type": 11, "object_id": "30", "object_repr": "منوی روز 2025-12-07", "action_flag": 1, "change_message": "[{\"added\": {}}]"}}, {"model": "admin.logentry", "pk": 114, "fields": {"action_time": "2025-11-25T14:15:45.208Z", "user": 32, "content_type": 10, "object_id": "3", "object_repr": "چلو خورشت قیمه سیب زمینی", "action_flag": 2, "change_message": "[{\"changed\": {\"fields\": [\"\\u0646\\u0627\\u0645 \\u063a\\u0630\\u0627\", \"\\u0639\\u06a9\\u0633 \\u063a\\u0630\\u0627\"]}}]"}}, {"model": "admin.logentry", "pk": 115, "fields": {"action_time": "2025-11-25T14:17:34.532Z", "user": 32, "content_type": 10, "object_id": "33", "object_repr": "هویچ پلو با مرغ زعفرانی", "action_flag": 1, "change_message": "[{\"added\": {}}]"}}, {"model": "admin.logentry", "pk": 116, "fields": {"action_time": "2025-11-25T14:18:37.506Z", "user": 32, "content_type": 10, "object_id": "34", "object_repr": "کوفته تبریزی", "action_flag": 1, "change_message": "[{\"added\": {}}]"}}, {"model": "admin.logentry", "pk": 117, "fields": {"action_time": "2025-11-25T14:19:44.658Z", "user": 32, "content_type": 11, "object_id": "31", "object_repr": "منوی روز 2025-12-08", "action_flag": 1, "change_message": "[{\"added\": {}}]"}}, {"model": "admin.logentry", "pk": 118, "fields": {"action_time": "2025-11-25T14:21:53.172Z", "user": 32, "content_type": 10, "object_id": "35", "object_repr": "چلو خورشت کرفس", "action_flag": 1, "change_message": "[{\"added\": {}}]"}}, {"model": "admin.logentry", "pk": 119, "fields": {"action_time": "2025-11-25T14:25:10.484Z", "user": 32, "content_type": 10, "object_id": "36", "object_repr": "چلو کباب تابه ای", "action_flag": 1, "change_message": "[{\"added\": {}}]"}}, {"model": "admin.logentry", "pk": 120, "fields": {"action_time": "2025-11-25T14:29:51.425Z", "user": 32, "content_type": 10, "object_id": "37", "object_repr": "کتلت گوشت", "action_flag": 1, "change_message": "[{\"added\": {}}]"}}, {"model": "admin.logentry", "pk": 121, "fields": {"action_time": "2025-11-25T14:41:12.562Z", "user": 32, "content_type": 11, "object_id": "32", "object_repr": "منوی روز 2025-12-09", "action_flag": 1, "change_message": "[{\"added\": {}}]"}}, {"model": "admin.logentry", "pk": 122, "fields": {"action_time": "2025-11-25T14:47:11.245Z", "user": 32, "content_type": 10, "object_id": "35", "object_repr": "چلو خورشت کرفس", "action_flag": 2, "change_message": "[{\"changed\": {\"fields\": [\"\\u0639\\u06a9\\u0633 \\u063a\\u0630\\u0627\"]}}]"}}, {"model": "admin.logentry", "pk": 123, "fields": {"action_time": "2025-11-25T14:49:13.750Z", "user": 32, "content_type": 10, "object_id": "36", "object_repr": "چلو کباب تابه ای", "action_flag": 2, "change_message": "[{\"changed\": {\"fields\": [\"\\u0639\\u06a9\\u0633 \\u063a\\u0630\\u0627\"]}}]"}}, {"model": "admin.logentry", "pk": 124, "fields": {"action_time": "2025-11-25T14:54:58.570Z", "user": 32, "content_type": 10, "object_id": "38", "object_repr": "چلو خورشت غوره بادمجان", "action_flag": 1, "change_message": "[{\"added\": {}}]"}}, {"model": "admin.logentry", "pk": 125, "fields": {"action_time": "2025-11-25T14:58:02.670Z", "user": 32, "content_type": 10, "object_id": "39", "object_repr": "خوراک فیله مرغ و سویا سس", "action_flag": 1, "change_message": "[{\"added\": {}}]"}}, {"model": "admin.logentry", "pk": 126, "fields": {"action_time": "2025-11-25T14:58:39.155Z", "user": 32, "content_type": 11, "object_id": "33", "object_repr": "منوی روز 2025-12-10", "action_flag": 1, "change_message": "[{\"added\": {}}]"}}, {"model": "admin.logentry", "pk": 127, "fields": {"action_time": "2025-11-25T15:14:15.417Z", "user": 32, "content_type": 10, "object_id": "39", "object_repr": "خوراک فیله مرغ و سویا سس", "action_flag": 2, "change_message": "[{\"changed\": {\"fields\": [\"\\u0639\\u06a9\\u0633 \\u063a\\u0630\\u0627\"]}}]"}}, {"model": "admin.logentry", "pk": 128, "fields": {"action_time": "2025-11-25T15:17:17.844Z", "user": 32, "content_type": 11, "object_id": "34", "object_repr": "منوی روز 2025-12-13", "action_flag": 1, "change_message": "[{\"added\": {}}]"}}, {"model": "admin.logentry", "pk": 129, "fields": {"action_time": "2025-11-25T15:20:15.756Z", "user": 32, "content_type": 10, "object_id": "40", "object_repr": "پلو مکزیکی", "action_flag": 1, "change_message": "[{\"added\": {}}]"}}, {"model": "admin.logentry", "pk": 130, "fields": {"action_time": "2025-11-25T15:23:33.683Z", "user": 32, "content_type": 10, "object_id": "41", "object_repr": "ساندویچ سینه بوقلمون", "action_flag": 1, "change_message": "[{\"added\": {}}]"}}, {"model": "admin.logentry", "pk": 131, "fields": {"action_time": "2025-11-25T15:24:25.596Z", "user": 32, "content_type": 11, "object_id": "35", "object_repr": "منوی روز 2025-12-14", "action_flag": 1, "change_message": "[{\"added\": {}}]"}}, {"model": "admin.logentry", "pk": 132, "fields": {"action_time": "2025-11-25T15:27:32.439Z", "user": 32, "content_type": 10, "object_id": "42", "object_repr": "شیرین پلو با مرغ زعفرانی", "action_flag": 1, "change_message": "[{\"added\": {}}]"}}, {"model": "admin.logentry", "pk": 133, "fields": {"action_time": "2025-11-25T15:28:20.083Z", "user": 32, "content_type": 11, "object_id": "36", "object_repr": "منوی روز 2025-12-15", "action_flag": 1, "change_message": "[{\"added\": {}}]"}}, {"model": "admin.logentry", "pk": 134, "fields": {"action_time": "2025-11-25T15:28:34.906Z", "user": 32, "content_type": 10, "object_id": "20", "object_repr": "آبگوشت", "action_flag": 2, "change_message": "[{\"changed\": {\"fields\": [\"\\u0646\\u0627\\u0645 \\u063a\\u0630\\u0627\"]}}]"}}, {"model": "admin.logentry", "pk": 135, "fields": {"action_time": "2025-11-25T15:31:02.868Z", "user": 32, "content_type": 10, "object_id": "43", "object_repr": "چلو جوجه کباب عربی", "action_flag": 1, "change_message": "[{\"added\": {}}]"}}, {"model": "admin.logentry", "pk": 136, "fields": {"action_time": "2025-11-25T15:32:24.831Z", "user": 32, "content_type": 11, "object_id": "37", "object_repr": "منوی روز 2025-12-16", "action_flag": 1, "change_message": "[{\"added\": {}}]"}}, {"model": "admin.logentry", "pk": 137, "fields": {"action_time": "2025-11-25T15:33:19.612Z", "user": 32, "content_type": 10, "object_id": "43", "object_repr": "چلو جوجه کباب عربی", "action_flag": 2, "change_message": "[{\"changed\": {\"fields\": [\"\\u0639\\u06a9\\u0633 \\u063a\\u0630\\u0627\"]}}]"}}, {"model": "admin.logentry", "pk": 138, "fields": {"action_time": "2025-11-25T15:34:45.227Z", "user": 32, "content_type": 10, "object_id": "44", "object_repr": "همبرگر", "action_flag": 1, "change_message": "[{\"added\": {}}]"}}, {"model": "admin.logentry", "pk": 139, "fields": {"action_time": "2025-11-25T15:35:28.807Z", "user": 32, "content_type": 11, "object_id": "38", "object_repr": "منوی روز 2025-12-17", "action_flag": 1, "change_message": "[{\"added\": {}}]"}}, {"model": "admin.logentry", "pk": 140, "fields": {"action_time": "2025-11-25T15:37:20.798Z", "user": 32, "content_type": 10, "object_id": "45", "object_repr": "کشک بادمجان", "action_flag": 1, "change_message": "[{\"added\": {}}]"}}, {"model": "admin.logentry", "pk": 141, "fields": {"action_time": "2025-11-25T15:37:58.626Z", "user": 32, "content_type": 11, "object_id": "39", "object_repr": "منوی روز 2025-12-20", "action_flag": 1, "change_message": "[{\"added\": {}}]"}}, {"model": "admin.logentry", "pk": 142, "fields": {"action_time": "2025-11-25T15:39:05.718Z", "user": 32, "content_type": 10, "object_id": "46", "object_repr": "چلو خورشت مرغ آلو", "action_flag": 1, "change_message": "[{\"added\": {}}]"}}, {"model": "admin.logentry", "pk": 143, "fields": {"action_time": "2025-11-25T15:40:25.279Z", "user": 32, "content_type": 10, "object_id": "47", "object_repr": "لازانیا گوشت و سبزیجات", "action_flag": 1, "change_message": "[{\"added\": {}}]"}}, {"model": "admin.logentry", "pk": 144, "fields": {"action_time": "2025-11-25T15:41:05.455Z", "user": 32, "content_type": 11, "object_id": "40", "object_repr": "منوی روز 2025-12-21", "action_flag": 1, "change_message": "[{\"added\": {}}]"}}, {"model": "sessions.session", "pk": "46on4prjuggqp27lmo53t1kqwq9sam9m", "fields": {"session_data": ".eJxVjDEOwjAMRe-SGUWpFbcJIztnqBzbIQWUSk07Ie4OlTrA-t97_2VG2tYybk2XcRJzNoDm9Dsm4ofWncid6m22PNd1mZLdFXvQZq-z6PNyuH8HhVr51jF4P6TsuoSONAoIJPSI6phSjtDFGDrOQ2QNQbBnh54yaI8IDOLN-wMIiTgU:1vFshL:9plC7dfWOA32MkYxLY5H0xARr0wmxj3JXfT9yEqgnT8", "expire_date": "2025-11-17T11:26:07.948Z"}}, {"model": "sessions.session", "pk": "k4v0shracuh9dgxolykzttyxecmn1jqs", "fields": {"session_data": ".eJxVjEEOwiAQRe_C2hBgKBSX7nuGZmAGqRqalHZlvLtt0oVu_3vvv8WI21rGrfEyTiSuAoy4_I4R05PrQeiB9T7LNNd1maI8FHnSJoeZ-HU73b-Dgq3steOuY0UdeDLYow8RlAdrUSlHqaeQIKocg9uZNmB0AA6cs-XsNSUWny_9ZDg-:1vP1uL:AHg3A2Zkd_bSghNzM-4-M8mj_-cNEoVvnER_lS3Nesk", "expire_date": "2025-12-12T17:05:21.135Z"}}, {"model": "sessions.session", "pk": "kzxxgxtjxdqnfg5m8tq93bg5n2ibbt33", "fields": {"session_data": ".eJxVjDsOwyAQRO9CHSF-NpAyvc-AFtgNTiKQjF1FuXtsyUVSTDPvzbxZgG0tYeu4hDmzKzPs8ttFSE-sB8gPqPfGU6vrMkd-KPyknU8t4-t2un8HBXrZ18qZSB5H5cgOYg8oGoUHlwS4jMLIZASabCmh1V6RVgQohwjeSqk0-3wB5Q032A:1vAqXy:cmbPJ9cjghSZ-rPSAvVhfr-BGRYBmDUVTfNzntwtN1g", "expire_date": "2025-11-03T14:07:38.236Z"}}, {"model": "sessions.session", "pk": "ogpso3ykzhqjb2qirdndi3tmaffaau8w", "fields": {"session_data": ".eJxVjEEOwiAQRe_C2hBgoLQu3XsGMjCDVA0kpV0Z765NutDtf-_9lwi4rSVsnZcwkzgLMOL0O0ZMD647oTvWW5Op1XWZo9wVedAur434eTncv4OCvXxr5UYGD-RUnDBhjloZUMZjYnIRQTORIY7ZqqRGy9lYA34aNDp2mAbx_gAa8zij:1vLLE7:oVMRDIosDuysFCkNGJVV4ZhH5H8D6TEtJ6pnu15Ok-c", "expire_date": "2025-12-02T12:54:31.291Z"}}, {"model": "sessions.session", "pk": "rspeykmqrmn46u5h2f14qx7qcl9u0wid", "fields": {"session_data": ".eJxVjEEOwiAQRe_C2hBgoLQu3XsGMjCDVA0kpV0Z765NutDtf-_9lwi4rSVsnZcwkzgLMOL0O0ZMD647oTvWW5Op1XWZo9wVedAur434eTncv4OCvXxr5UYGD-RUnDBhjloZUMZjYnIRQTORIY7ZqqRGy9lYA34aNDp2mAbx_gAa8zij:1vLKw6:lUd5YC0ZVTauNb0ssnhZxMlBT08o4dM102aMDJa6uj8", "expire_date": "2025-12-02T12:35:54.100Z"}}, {"model": "dashboard.user", "pk": 1, "fields": {"password": "", "last_login": null, "is_superuser": false, "username": "ali_rezaei", "email": "", "is_staff": false, "is_active": true, "date_joined": "2025-10-20T11:20:46.090Z", "first_name": "Ali", "last_name": "Rezaei", "department": null, "avatar": "", "groups": [], "user_permissions": []}}, {"model": "dashboard.user", "pk": 2, "fields": {"password": "", "last_login": null, "is_superuser": false, "username": "ali_ahmadi", "email": "", "is_staff": false, "is_active": true, "date_joined": "2025-10-20T14:05:06.930Z", "first_name": "Ali", "last_name": "Ahmadi", "department": null, "avatar": "", "groups": [], "user_permissions": []}}, {"model": "dashboard.user", "pk": 3, "fields": {"password": "", "last_login": null, "is_superuser": false, "username": "ali_sheydaiee", "email": "", "is_staff": false, "is_active": true, "date_joined": "2025-10-20T14:05:42.255Z", "first_name": "Ali", "last_name": "sheydaiee", "department": null, "avatar": "", "groups": [], "user_permissions": []}}, {"model": "dashboard.user", "pk": 4, "fields": {"password": "pbkdf2_sha256$1000000$O5m86UKPFCSgSKs5xkbnsA$rC9TvySURnCdFR8tjcLbII8vGcHFX4uUZTvLsXN2/TU=", "last_login": "2025-10-20T14:07:38.230Z", "is_superuser": true, "username": "Ali", "email": "", "is_staff": true, "is_active": true, "date_joined": "2025-10-20T14:06:39.047Z", "first_name": "", "last_name": "", "department": null, "avatar": "", "groups": [], "user_permissions": []}}, {"model": "dashboard.user", "pk": 5, "fields": {"password": "", "last_login": null, "is_superuser": false, "username": "maryam_sheydaiee", "email": "", "is_staff": false, "is_active": true, "date_joined": "2025-10-21T07:59:32.243Z", "first_name": "maryam", "last_name": "Sheydaiee", "department": null, "avatar": "", "groups": [], "user_permissions": []}}, {"model": "dashboard.user", "pk": 6, "fields": {"password": "pbkdf2_sha256$1000000$HarQGEdLK6HWlDJLFCRV73$ukKIiilyObTiNZoZ8Em1/PfK8KVfcCTlUNuaS9pbMBk=", "last_login": null, "is_superuser": true, "username": "reza", "email": "", "is_staff": true, "is_active": true, "date_joined": "2025-10-21T14:30:56.349Z", "first_name": "", "last_name": "", "department": null, "avatar": "", "groups": [], "user_permissions": []}}, {"model": "dashboard.user", "pk": 7, "fields": {"password": "", "last_login": null, "is_superuser": false, "username": "ali_ekrami", "email": "", "is_staff": false, "is_active": true, "date_joined": "2025-10-29T11:21:49.934Z", "first_name": "Ali", "last_name": "ekrami", "department": null, "avatar": "", "groups": [], "user_permissions": []}}, {"model": "dashboard.user", "pk": 8, "fields": {"password": "", "last_login": null, "is_superuser": false, "username": "سپیده_روحانی", "email": "", "is_staff": false, "is_active": true, "date_joined": "2025-10-29T11:35:00.248Z", "first_name": "سپیده", "last_name": "روحانی", "department": null, "avatar": "", "groups": [], "user_permissions": []}}, {"model": "dashboard.user", "pk": 9, "fields": {"password": "", "last_login": null, "is_superuser": false, "username": "علی_کاشانی", "email": "", "is_staff": false, "is_active": true, "date_joined": "2025-10-29T11:35:47.817Z", "first_name": "علی", "last_name": "کاشانی", "department": null, "avatar": "", "groups": [], "user_permissions": []}}, {"model": "dashboard.user", "pk": 10, "fields": {"password": "", "last_login": null, "is_superuser": false, "username": "علی_شعبانی", "email": "", "is_staff": false, "is_active": true, "date_joined": "2025-10-29T12:59:16.846Z", "first_name": "علی", "last_name": "شعبانی", "department": null, "avatar": "", "groups": [], "user_permissions": []}}, {"model": "dashboard.user", "pk": 11, "fields": {"password": "", "last_login": null, "is_superuser": false, "username": "علی_روحانی", "email": "", "is_staff": false, "is_active": true, "date_joined": "2025-10-29T12:59:28.333Z", "first_name": "علی", "last_name": "روحانی", "department": null, "avatar": "", "groups": [], "user_permissions": []}}, {"model": "dashboard.user", "pk": 12, "fields": {"password": "", "last_login": null, "is_superuser": false, "username": "علی_hplnd", "email": "", "is_staff": false, "is_active": true, "date_joined": "2025-10-29T13:18:36.864Z", "first_name": "علی", "last_name": "hplnd", "department": null, "avatar": "", "groups": [], "user_permissions": []}}, {"model": "dashboard.user", "pk": 13, "fields": {"password": "", "last_login": null, "is_superuser": false, "username": "علی_کریمی", "email": "", "is_staff": false, "is_active": true, "date_joined": "2025-10-29T13:19:47.554Z", "first_name": "علی", "last_name": "کریمی", "department": null, "avatar": "", "groups": [], "user_permissions": []}}, {"model": "dashboard.user", "pk": 14, "fields": {"password": "", "last_login": null, "is_superuser": false, "username": "محسن_ایمانی", "email": "", "is_staff": false, "is_active": true, "date_joined": "2025-10-30T08:48:15.189Z", "first_name": "محسن", "last_name": "ایمانی", "department": null, "avatar": "", "groups": [], "user_permissions": []}}, {"model": "dashboard.user", "pk": 15, "fields": {"password": "", "last_login": null, "is_superuser": false, "username": "امید_شعبانی", "email": "", "is_staff": false, "is_active": true, "date_joined": "2025-10-30T09:03:01.232Z", "first_name": "امید", "last_name": "شعبانی", "department": null, "avatar": "", "groups": [], "user_permissions": []}}, {"model": "dashboard.user", "pk": 16, "fields": {"password": "", "last_login": null, "is_superuser": false, "username": "ع_س", "email": "", "is_staff": false, "is_active": true, "date_joined": "2025-10-30T11:50:46.542Z", "first_name": "ع", "last_name": "س", "department": null, "avatar": "", "groups": [], "user_permissions": []}}, {"model": "dashboard.user", "pk": 17, "fields": {"password": "", "last_login": null, "is_superuser": false, "username": "اکبر_اسی دلقک", "email": "", "is_staff": false, "is_active": true, "date_joined": "2025-10-30T15:51:50.338Z", "first_name": "اکبر", "last_name": "اسی دلقک", "department": null, "avatar": "", "groups": [], "user_permissions": []}}, {"model": "dashboard.user", "pk": 18, "fields": {"password": "", "last_login": null, "is_superuser": false, "username": "اکرم_حسیی", "email": "", "is_staff": false, "is_active": true, "date_joined": "2025-10-30T15:52:48.066Z", "first_name": "اکرم", "last_name": "حسیی", "department": null, "avatar": "", "groups": [], "user_permissions": []}}, {"model": "dashboard.user", "pk": 19, "fields": {"password": "", "last_login": null, "is_superuser": false, "username": "اکرم_چسی", "email": "", "is_staff": false, "is_active": true, "date_joined": "2025-10-30T15:53:01.525Z", "first_name": "اکرم", "last_name": "چسی", "department": null, "avatar": "", "groups": [], "user_permissions": []}}, {"model": "dashboard.user", "pk": 20, "fields": {"password": "", "last_login": null, "is_superuser": false, "username": "شصب_بشسب", "email": "", "is_staff": false, "is_active": true, "date_joined": "2025-10-30T15:58:12.328Z", "first_name": "شصب", "last_name": "بشسب", "department": null, "avatar": "", "groups": [], "user_permissions": []}}, {"model": "dashboard.user", "pk": 21, "fields": {"password": "", "last_login": null, "is_superuser": false, "username": "شیظب_سیلسیرسی", "email": "", "is_staff": false, "is_active": true, "date_joined": "2025-10-30T18:52:58.883Z", "first_name": "شیظب", "last_name": "سیلسیرسی", "department": null, "avatar": "", "groups": [], "user_permissions": []}}, {"model": "dashboard.user", "pk": 22, "fields": {"password": "", "last_login": null, "is_superuser": false, "username": "//_س", "email": "", "is_staff": false, "is_active": true, "date_joined": "2025-10-30T19:08:46.973Z", "first_name": "//", "last_name": "س", "department": null, "avatar": "", "groups": [], "user_permissions": []}}, {"model": "dashboard.user", "pk": 23, "fields": {"password": "", "last_login": null, "is_superuser": false, "username": "بب_یرسیر", "email": "", "is_staff": false, "is_active": true, "date_joined": "2025-10-30T19:09:03.451Z", "first_name": "بب", "last_name": "یرسیر", "department": null, "avatar": "", "groups": [], "user_permissions": []}}, {"model": "dashboard.user", "pk": 24, "fields": {"password": "", "last_login": null, "is_superuser": false, "username": "اکبر_اکبری", "email": "", "is_staff": false, "is_active": true, "date_joined": "2025-10-31T09:10:29.603Z", "first_name": "اکبر", "last_name": "اکبری", "department": null, "avatar": "", "groups": [], "user_permissions": []}}, {"model": "dashboard.user", "pk": 25, "fields": {"password": "pbkdf2_sha256$1000000$7wHANfO1Aq8t5OyEvy86IY$GfDD7ON4TkGzz4xzAo2X2KmsBFXxDfQrkf0rTjIx66A=", "last_login": "2025-11-03T11:26:07.937Z", "is_superuser": true, "username": "alo", "email": "", "is_staff": true, "is_active": true, "date_joined": "2025-11-03T11:25:52.549Z", "first_name": "", "last_name": "", "department": null, "avatar": "", "groups": [], "user_permissions": []}}, {"model": "dashboard.user", "pk": 26, "fields": {"password": "", "last_login": null, "is_superuser": false, "username": "سمانه_حجار", "email": "", "is_staff": false, "is_active": true, "date_joined": "2025-11-03T11:59:08.948Z", "first_name": "سمانه", "last_name": "حجار", "department": null, "avatar": "", "groups": [], "user_permissions": []}}, {"model": "dashboard.user", "pk": 27, "fields": {"password": "", "last_login": null, "is_superuser": false, "username": "al_sla", "email": "", "is_staff": false, "is_active": true, "date_joined": "2025-11-03T13:12:54.948Z", "first_name": "al", "last_name": "sla", "department": null, "avatar": "", "groups": [], "user_permissions": []}}, {"model": "dashboard.user", "pk": 28, "fields": {"password": "", "last_login": null, "is_superuser": false, "username": "علی_اکرامی", "email": "", "is_staff": false, "is_active": true, "date_joined": "2025-11-09T18:33:46.734Z", "first_name": "علی", "last_name": "اکرامی", "department": null, "avatar": "", "groups": [], "user_permissions": []}}, {"model": "dashboard.user", "pk": 29, "fields": {"password": "", "last_login": null, "is_superuser": false, "username": "مژگان_رضوی", "email": "", "is_staff": false, "is_active": true, "date_joined": "2025-11-09T18:34:41.357Z", "first_name": "مژگان", "last_name": "رضوی", "department": null, "avatar": "", "groups": [], "user_permissions": []}}, {"model": "dashboard.user", "pk": 30, "fields": {"password": "", "last_login": null, "is_superuser": false, "username": "محمد_حاتمی", "email": "", "is_staff": false, "is_active": true, "date_joined": "2025-11-10T11:39:07.925Z", "first_name": "محمد", "last_name": "حاتمی", "department": null, "avatar": "", "groups": [], "user_permissions": []}}, {"model": "dashboard.user", "pk": 31, "fields": {"password": "", "last_login": null, "is_superuser": false, "username": "زهرا_تبریزی", "email": "", "is_staff": false, "is_active": true, "date_joined": "2025-11-12T15:59:31.617Z", "first_name": "زهرا", "last_name": "تبریزی", "department": null, "avatar": "", "groups": [], "user_permissions": []}}, {"model": "dashboard.user", "pk": 32, "fields": {"password": "pbkdf2_sha256$1000000$GmQNpWgccQ5WzKbh2QCG3U$w9xxsXS8ld0sNCc6g9OawGELlXbJ+oeOo38KPZYhk+g=", "last_login": "2025-11-28T17:05:21.131Z", "is_superuser": true, "username": "sss", "email": "", "is_staff": true, "is_active": true, "date_joined": "2025-11-18T12:35:46.166Z", "first_name": "", "last_name": "", "department": null, "avatar": "", "groups": [], "user_permissions": []}}, {"model": "dashboard.user", "pk": 33, "fields": {"password": "", "last_login": null, "is_superuser": false, "username": "شش_سلظیرل", "email": "", "is_staff": false, "is_active": true, "date_joined": "2025-11-28T11:49:09.128Z", "first_name": "شش", "last_name": "سلظیرل", "department": null, "avatar": "", "groups": [], "user_permissions": []}}, {"model": "dashboard.food", "pk": 1, "fields": {"name": "قرمه سبزی", "description": null, "photo": ""}}, {"model": "dashboard.food", "pk": 2, "fields": {"name": "جوجه کباب", "description": null, "photo": ""}}, {"model": "dashboard.food", "pk": 3, "fields": {"name": "چلو خورشت قیمه سیب زمینی", "description": "", "photo": "foods/1-15.jpg"}}, {"model": "dashboard.food", "pk": 4, "fields": {"name": "عدس پلو", "description": null, "photo": ""}}, {"model": "dashboard.food", "pk": 5, "fields": {"name": "کتلت", "description": null, "photo": ""}}, {"model": "dashboard.food", "pk": 6, "fields": {"name": "قرمه سبزی", "description": "قورمه سبزی یا خورش سبزی یک غذای سنتی ایرانی است که میلیون ها طرفدار در ایران دارد", "photo": "foods/5-14-e1577175686134.jpg"}}, {"model": "dashboard.food", "pk": 7, "fields": {"name": "جوجه کباب", "description": "", "photo": "foods/TI1NjEyOWMxM-780x470.jpg"}}, {"model": "dashboard.food", "pk": 8, "fields": {"name": "قیمه", "description": "", "photo": "foods/252548764_630321548137766_7935250700229397925_n-1.jpg"}}, {"model": "dashboard.food", "pk": 9, "fields": {"name": "عدس پلو", "description": null, "photo": ""}}, {"model": "dashboard.food", "pk": 10, "fields": {"name": "کتلت", "description": null, "photo": ""}}, {"model": "dashboard.food", "pk": 11, "fields": {"name": "زرشک پلو با مرغ", "description": "با برنج اصیل ایرانی", "photo": "foods/poster_60a93d39-f695-4bb8-914f-978dd77f6fd9.jpeg"}}, {"model": "dashboard.food", "pk": 12, "fields": {"name": "بندری", "description": "ساندویچ مرغ بندری یکی از انواع ساندویچ های خوشمزه ایرانی است که اصالت آن متعلق به شهرهای جنوبی کشورمان می باشد", "photo": "foods/sandevich-morgh-bandari.jpg"}}, {"model": "dashboard.food", "pk": 13, "fields": {"name": "قیمه نثار", "description": "", "photo": "foods/ghimeh-nesar-ba-morgh.webp"}}, {"model": "dashboard.food", "pk": 14, "fields": {"name": "لوبیا پلو با گوشت", "description": "", "photo": "foods/loobia-polo-gousht-teke.jpg"}}, {"model": "dashboard.food", "pk": 15, "fields": {"name": "ساندویچ مرغ با سس گودا", "description": "", "photo": "foods/طرز-تهیه-ساندویچ-مرغ-با-سس-مایونز-2.jpg"}}, {"model": "dashboard.food", "pk": 16, "fields": {"name": "چلو خورشت بامیه", "description": "", "photo": "foods/food12641.jpg"}}, {"model": "dashboard.food", "pk": 17, "fields": {"name": "باقالی پلو با مرغ ربی", "description": "", "photo": "foods/Bean-pilaf-with-chicken-02.jpg"}}, {"model": "dashboard.food", "pk": 18, "fields": {"name": "چیکن استراگانف", "description": "", "photo": "foods/5217452.jpg"}}, {"model": "dashboard.food", "pk": 19, "fields": {"name": "چلو خورشت فسنجان با مرغ", "description": "", "photo": "foods/D988D8A7.jpg"}}, {"model": "dashboard.food", "pk": 20, "fields": {"name": "آبگوشت", "description": "", "photo": "foods/abgousht-3.webp"}}, {"model": "dashboard.food", "pk": 21, "fields": {"name": "آلبالو پلو با مرغ زعفرانی", "description": "", "photo": "foods/albaloo-polo-min_cMttRwS.jpg"}}, {"model": "dashboard.food", "pk": 22, "fields": {"name": "اکبرجوجه", "description": "", "photo": "foods/akbar-jojeh-main-1.jpg"}}, {"model": "dashboard.food", "pk": 23, "fields": {"name": "چلو خورشت قیمه بادمجان", "description": "", "photo": "foods/tazeen-khoresht-bademjan-16.jpg"}}, {"model": "dashboard.food", "pk": 24, "fields": {"name": "شنیسل مرغ", "description": "", "photo": "foods/فیله-سوخاری-مرغ2.jpg"}}, {"model": "dashboard.food", "pk": 25, "fields": {"name": "چلو کباب لقمه", "description": "", "photo": "foods/saffron-rice-with-minced-meat-kebabs-recipe-cover.webp"}}, {"model": "dashboard.food", "pk": 26, "fields": {"name": "چلو خورشت مرغ ترش", "description": "", "photo": "foods/morgh-torsh.jpg"}}, {"model": "dashboard.food", "pk": 27, "fields": {"name": "میرزا قاسمی", "description": "", "photo": "foods/mirzaghasemi-min.webp"}}, {"model": "dashboard.food", "pk": 28, "fields": {"name": "سبزی پلو با ماهی", "description": "", "photo": "foods/iranwatching-1983-1612974105-sabzi-polo-mahii.jpg"}}, {"model": "dashboard.food", "pk": 29, "fields": {"name": "چلو جوجه کباب زعفرانی", "description": "", "photo": "foods/1b875cc6-af8c-4828-93a3-5ab4c81f29a49af50f13176a459f96d7eba2e09fb33b.jpg"}}, {"model": "dashboard.food", "pk": 30, "fields": {"name": "استانبولی با گوشت", "description": "", "photo": "foods/estanboli-polo.jpg"}}, {"model": "dashboard.food", "pk": 31, "fields": {"name": "استیک مرغ با سس قارچ", "description": "", "photo": "foods/استیک-مرغ-دستور-اصلی-عکس.jpg"}}, {"model": "dashboard.food", "pk": 32, "fields": {"name": "چلو خورشت فسنجان با گوشت", "description": "", "photo": "foods/tazein-khorosht-fesenjan-8.jpg"}}, {"model": "dashboard.food", "pk": 33, "fields": {"name": "هویچ پلو با مرغ زعفرانی", "description": "", "photo": "foods/نکات-مهم-در-تهیه-هویج-پلو-با-مرغ-و-زرشک.jpg"}}, {"model": "dashboard.food", "pk": 34, "fields": {"name": "کوفته تبریزی", "description": "", "photo": "foods/کوفته-تبریزی-با-مرغ-1.jpg"}}, {"model": "dashboard.food", "pk": 35, "fields": {"name": "چلو خورشت کرفس", "description": "", "photo": "foods/320598.jpg"}}, {"model": "dashboard.food", "pk": 36, "fields": {"name": "چلو کباب تابه ای", "description": "", "photo": "foods/طرز-تهیه-کباب-تابه_ای-خوشمزه-و-آسان-برای-4-نفر-با-بهترین-نکات-برای-طعم-عالی.webp"}}, {"model": "dashboard.food", "pk": 37, "fields": {"name": "کتلت گوشت", "description": "", "photo": "foods/12409324_353.jpg"}}, {"model": "dashboard.food", "pk": 38, "fields": {"name": "چلو خورشت غوره بادمجان", "description": "", "photo": "foods/1.png"}}, {"model": "dashboard.food", "pk": 39, "fields": {"name": "خوراک فیله مرغ و سویا سس", "description": "", "photo": "foods/دستور_پخت_غذاهای_خوشمزه_با_فیله_مرغ.webp"}}, {"model": "dashboard.food", "pk": 40, "fields": {"name": "پلو مکزیکی", "description": "", "photo": "foods/11zon_cropped-2-7.jpeg"}}, {"model": "dashboard.food", "pk": 41, "fields": {"name": "ساندویچ سینه بوقلمون", "description": "", "photo": "foods/6571c6a438ebb.jpeg"}}, {"model": "dashboard.food", "pk": 42, "fields": {"name": "شیرین پلو با مرغ زعفرانی", "description": "", "photo": "foods/طرز-تهیه-شیرین-پلو-مجلسی-و-خوشمزه-با-مرغ-مرحله-به-مرحله.webp"}}, {"model": "dashboard.food", "pk": 43, "fields": {"name": "چلو جوجه کباب عربی", "description": "", "photo": "foods/grilled-shish-tawook-featured-image.jpg"}}, {"model": "dashboard.food", "pk": 44, "fields": {"name": "همبرگر", "description": "", "photo": "foods/d5vv-hero-scaled.webp"}}, {"model": "dashboard.food", "pk": 45, "fields": {"name": "کشک بادمجان", "description": "", "photo": "foods/kashk-bademjan2.webp"}}, {"model": "dashboard.food", "pk": 46, "fields": {"name": "چلو خورشت مرغ آلو", "description": "", "photo": "foods/khoresh-morgh-aloo.jpg"}}, {"model": "dashboard.food", "pk": 47, "fields": {"name": "لازانیا گوشت و سبزیجات", "description": "", "photo": "foods/ازانیا-سبزیجات-خوشمزه-scaled-e1619593041172.jpg"}}, {"model": "dashboard.dailymenu", "pk": 24, "fields": {"date": "2025-11-29", "foods": [13, 14, 15]}}, {"model": "dashboard.dailymenu", "pk": 25, "fields": {"date": "2025-11-30", "foods": [16, 17, 18]}}, {"model": "dashboard.dailymenu", "pk": 26, "fields": {"date": "2025-12-01", "foods": [19, 20, 21]}}, {"model": "dashboard.dailymenu", "pk": 27, "fields": {"date": "2025-12-02", "foods": [22, 23, 24]}}, {"model": "dashboard.dailymenu", "pk": 28, "fields": {"date": "2025-12-03", "foods": [25, 26, 27]}}, {"model": "dashboard.dailymenu", "pk": 29, "fields": {"date": "2025-12-06", "foods": [13, 28, 29]}}, {"model": "dashboard.dailymenu", "pk": 30, "fields": {"date": "2025-12-07", "foods": [30, 31, 32]}}, {"model": "dashboard.dailymenu", "pk": 31, "fields": {"date": "2025-12-08", "foods": [3, 33, 34]}}, {"model": "dashboard.dailymenu", "pk": 32, "fields": {"date": "2025-12-09", "foods": [35, 36, 37]}}, {"model": "dashboard.dailymenu", "pk": 33, "fields": {"date": "2025-12-10", "foods": [25, 38, 39]}}, {"model": "dashboard.dailymenu", "pk": 34, "fields": {"date": "2025-12-13", "foods": [13, 28, 29]}}, {"model": "dashboard.dailymenu", "pk": 35, "fields": {"date": "2025-12-14", "foods": [16, 40, 41]}}, {"model": "dashboard.dailymenu", "pk": 36, "fields": {"date": "2025-12-15", "foods": [19, 20, 42]}}, {"model": "dashboard.dailymenu", "pk": 37, "fields": {"date": "2025-12-16", "foods": [23, 24, 43]}}, {"model": "dashboard.dailymenu", "pk": 38, "fields": {"date": "2025-12-17", "foods": [17, 26, 44]}}, {"model": "dashboard.dailymenu", "pk": 39, "fields": {"date": "2025-12-20", "foods": [29, 30, 45]}}, {"model": "dashboard.dailymenu", "pk": 40, "fields": {"date": "2025-12-21", "foods": [25, 46, 47]}}, {"model": "dashboard.usermealselection", "pk": 69, "fields": {"user": 33, "menu": 25, "selected_food": 16, "created_at": "2025-11-28T11:49:23.888Z"}}]